{
    "alpha": 0.832486070007167,
    "colsample_bytree": 0.8892966997331828,
    "eta": 0.050656726987950894,
    "gamma": 0,
    "gamma_1": 0.0619160464029609,
    "max_depth": 2.0,
    "min_child_weight": 72.0,
    "subsample": 0.8247362099753516
}