{
    "alpha": 0.8299407330752564,
    "colsample_bytree": 0.9484488134576433,
    "eta": 0.05791812975227197,
    "gamma": 0,
    "gamma_1": 0.06557453185931027,
    "max_depth": 2.0,
    "min_child_weight": 23.0,
    "subsample": 0.8889914730523192
}